region,count,sum,mean
CAISO,16,6850,428.125
ERCOT,33,17000,515.1515151515151
MISO,2,1260,630.0
NYISO,5,2500,500.0
PJM,40,21900,547.5
SPP,35,19930,569.4285714285714
